<?xml version="1.0"?>
<catalog>
    <cd>
        <title>Empire Burlesque</title>
        <artist>Bob Dylan</artist>
        <country>USA</country>
        <company>Columbia Records</company>
        <price>10.90</price>
        <year>1985</year>
    </cd>

    <cd>
        <title>Hide Your Heart</title>
        <artist>Bonnie Tyler</artist>
        <country>UK</country>
        <company>CBS Records</company>
        <price>9.90</price>
        <year>1988</year>
    </cd>

    <cd>
        <title>Best of Enya</title>
        <artist>Enya</artist>
        <country>UK</country>
        <company>ABC Records</company>
        <price>9.90</price>
        <year>1995</year>
    </cd>
</catalog>