<!--RESPONSE................. -->
<env:Envelope xmlns:env="http://schemas.xmlsoap.org/soap/envelope/"
	xmlns:xsi="http://www.w3.org/2001/XMLSchema-instance" xmlns:soapenc="http://schemas.xmlsoap.org/soap/encoding/"
	xmlns:xsd="http://www.w3.org/2001/XMLSchema">
	<env:Body>
		<n1:getTestResultByTestIdResponse
			xmlns:n1="http://afm.nat.bt.com/linetest/types">
			<n1:responseStatus>Success</n1:responseStatus>
			<n1:testInstance>
				<n2:testConductorId
					xmlns:n2="http://capabilities.nat.bt.com/xsd/ManageNetworkAndServiceDiagnostics/2007/08/01/CCM/GetTestResultByTestIdResponse/OperationalAnalysis">
					<n3:id
						xmlns:n3="http://capabilities.nat.bt.com/xsd/ManageNetworkAndServiceDiagnostics/2007/08/01/CCM/GetTestResultByTestIdResponse/Parties">PT</n3:id>

				</n2:testConductorId>

				<n4:id
					xmlns:n4="http://capabilities.nat.bt.com/xsd/ManageNetworkAndServiceDiagnostics/2007/08/01/CCM/GetTestResultByTestIdResponse/OperationalAnalysis">1523143628</n4:id>



				<n5:tarrId
					xmlns:n5="http://capabilities.nat.bt.com/xsd/ManageNetworkAndServiceDiagnostics/2007/08/01/CCM/GetTestResultByTestIdResponse/OperationalAnalysis">
					<n5:tarrId>mohanty1234#</n5:tarrId>
				</n5:tarrId>



				<n6:testId
					xmlns:n6="http://capabilities.nat.bt.com/xsd/ManageNetworkAndServiceDiagnostics/2007/08/01/CCM/GetTestResultByTestIdResponse/OperationalAnalysis">
					<n6:id>pita1234#</n6:id>
				</n6:testId>



				<n7:userId
					xmlns:n7="http://capabilities.nat.bt.com/xsd/ManageNetworkAndServiceDiagnostics/2007/08/01/CCM/GetTestResultByTestIdResponse/OperationalAnalysis">
					<n8:value
						xmlns:n8="http://capabilities.nat.bt.com/xsd/ManageNetworkAndServiceDiagnostics/2007/08/01/CCM/GetTestResultByTestIdResponse/Users">01179429596</n8:value>
				</n7:userId>
				<n9:testInstanceResultList
					xmlns:n9="http://capabilities.nat.bt.com/xsd/ManageNetworkAndServiceDiagnostics/2007/08/01/CCM/GetTestResultByTestIdResponse/OperationalAnalysis">
					<n9:testInstanceResult>
						<n9:outcome>Pass</n9:outcome>
						<n9:businessInteractionOutcome>
							<n10:code
								xmlns:n10="http://capabilities.nat.bt.com/xsd/ManageNetworkAndServiceDiagnostics/2007/08/01/CCM/GetTestResultByTestIdResponse/Interaction">GTC_FTTC_SERVICE_0000</n10:code>
							<n11:description
								xmlns:n11="http://capabilities.nat.bt.com/xsd/ManageNetworkAndServiceDiagnostics/2007/08/01/CCM/GetTestResultByTestIdResponse/Interaction">No Problem</n11:description>
						</n9:businessInteractionOutcome>
						<n9:startDateTime>2013-07-02T11:44:22+01:00</n9:startDateTime>
						<n9:stopDateTime>2013-07-02T11:44:31+01:00</n9:stopDateTime>
						<n9:additionalInfo>
							<n9:name>Fault_Report_Advised_Flag</n9:name>
							<n9:value>
								<n9:value>
									<n12:stringValue
										xmlns:n12="http://capabilities.nat.bt.com/xsd/ManageNetworkAndServiceDiagnostics/2007/08/01/CCM/GetTestResultByTestIdResponse/CoreClasses/EnumeratedClasses/CharacteristicEnumerations">N</n12:stringValue>
								</n9:value>
							</n9:value>
						</n9:additionalInfo>
						<n9:additionalInfo>
							<n9:name>ETHERNET_TRAFFIC</n9:name>
							<n9:value>
								<n9:value>
									<n13:stringValue
										xmlns:n13="http://capabilities.nat.bt.com/xsd/ManageNetworkAndServiceDiagnostics/2007/08/01/CCM/GetTestResultByTestIdResponse/CoreClasses/EnumeratedClasses/CharacteristicEnumerations">Y</n13:stringValue>
								</n9:value>
							</n9:value>
						</n9:additionalInfo>
						<n9:additionalInfo>
							<n9:name>NTE Power Status</n9:name>
							<n9:value>
								<n9:value>
									<n14:stringValue
										xmlns:n14="http://capabilities.nat.bt.com/xsd/ManageNetworkAndServiceDiagnostics/2007/08/01/CCM/GetTestResultByTestIdResponse/CoreClasses/EnumeratedClasses/CharacteristicEnumerations">PowerOn</n14:stringValue>
								</n9:value>
							</n9:value>
						</n9:additionalInfo>
						<n9:additionalInfo>
							<n9:name>Voice Line Test Result</n9:name>
							<n9:value>
								<n9:value>
									<n15:stringValue
										xmlns:n15="http://capabilities.nat.bt.com/xsd/ManageNetworkAndServiceDiagnostics/2007/08/01/CCM/GetTestResultByTestIdResponse/CoreClasses/EnumeratedClasses/CharacteristicEnumerations">Pass</n15:stringValue>
								</n9:value>
							</n9:value>
						</n9:additionalInfo>
						<n9:additionalInfo>
							<n9:name>Bridge Tap</n9:name>
							<n9:value>
								<n9:value>
									<n16:stringValue
										xmlns:n16="http://capabilities.nat.bt.com/xsd/ManageNetworkAndServiceDiagnostics/2007/08/01/CCM/GetTestResultByTestIdResponse/CoreClasses/EnumeratedClasses/CharacteristicEnumerations">Detected</n16:stringValue>
								</n9:value>
							</n9:value>
						</n9:additionalInfo>
						<n9:additionalInfo>
							<n9:name>Cross Talk</n9:name>
							<n9:value>
								<n9:value>
									<n17:stringValue
										xmlns:n17="http://capabilities.nat.bt.com/xsd/ManageNetworkAndServiceDiagnostics/2007/08/01/CCM/GetTestResultByTestIdResponse/CoreClasses/EnumeratedClasses/CharacteristicEnumerations">Detected</n17:stringValue>
								</n9:value>
							</n9:value>
						</n9:additionalInfo>
						<n9:additionalInfo>
							<n9:name>Radio Frequency Ingress</n9:name>
							<n9:value>
								<n9:value>
									<n18:stringValue
										xmlns:n18="http://capabilities.nat.bt.com/xsd/ManageNetworkAndServiceDiagnostics/2007/08/01/CCM/GetTestResultByTestIdResponse/CoreClasses/EnumeratedClasses/CharacteristicEnumerations">Not Detected</n18:stringValue>
								</n9:value>
							</n9:value>
						</n9:additionalInfo>
						<n9:additionalInfo>
							<n9:name>Repetitive Electrical Impulse Noise</n9:name>
							<n9:value>
								<n9:value>
									<n19:stringValue
										xmlns:n19="http://capabilities.nat.bt.com/xsd/ManageNetworkAndServiceDiagnostics/2007/08/01/CCM/GetTestResultByTestIdResponse/CoreClasses/EnumeratedClasses/CharacteristicEnumerations">Not Detected</n19:stringValue>
								</n9:value>
							</n9:value>
						</n9:additionalInfo>
						<n9:additionalInfo>
							<n9:name>Downstream_Speed_MBPS</n9:name>
							<n9:value>
								<n9:value>
									<n20:stringValue
										xmlns:n20="http://capabilities.nat.bt.com/xsd/ManageNetworkAndServiceDiagnostics/2007/08/01/CCM/GetTestResultByTestIdResponse/CoreClasses/EnumeratedClasses/CharacteristicEnumerations">50.0</n20:stringValue>
								</n9:value>
							</n9:value>
						</n9:additionalInfo>
						<n9:additionalInfo>
							<n9:name>Upstream_Speed_MBPS</n9:name>
							<n9:value>
								<n9:value>
									<n21:stringValue
										xmlns:n21="http://capabilities.nat.bt.com/xsd/ManageNetworkAndServiceDiagnostics/2007/08/01/CCM/GetTestResultByTestIdResponse/CoreClasses/EnumeratedClasses/CharacteristicEnumerations">14.3</n21:stringValue>
								</n9:value>
							</n9:value>
						</n9:additionalInfo>
						<n9:additionalInfo>
							<n9:name>Sync_Status</n9:name>
							<n9:value>
								<n9:value>
									<n22:stringValue
										xmlns:n22="http://capabilities.nat.bt.com/xsd/ManageNetworkAndServiceDiagnostics/2007/08/01/CCM/GetTestResultByTestIdResponse/CoreClasses/EnumeratedClasses/CharacteristicEnumerations">In Sync</n22:stringValue>
								</n9:value>
							</n9:value>
						</n9:additionalInfo>
						<n9:additionalInfo>
							<n9:name>Appointment_Required_Flag</n9:name>
							<n9:value>
								<n9:value>
									<n23:stringValue
										xmlns:n23="http://capabilities.nat.bt.com/xsd/ManageNetworkAndServiceDiagnostics/2007/08/01/CCM/GetTestResultByTestIdResponse/CoreClasses/EnumeratedClasses/CharacteristicEnumerations">N</n23:stringValue>
								</n9:value>
							</n9:value>
						</n9:additionalInfo>
						<n9:additionalInfo>
							<n9:name>Current15MinBin_erroredSeconds</n9:name>
							<n9:value>
								<n9:value>
									<n24:stringValue
										xmlns:n24="http://capabilities.nat.bt.com/xsd/ManageNetworkAndServiceDiagnostics/2007/08/01/CCM/GetTestResultByTestIdResponse/CoreClasses/EnumeratedClasses/CharacteristicEnumerations">0</n24:stringValue>
								</n9:value>
							</n9:value>
						</n9:additionalInfo>
						<n9:additionalInfo>
							<n9:name>Current15MinBin_severelyErroredSeconds</n9:name>
							<n9:value>
								<n9:value>
									<n25:stringValue
										xmlns:n25="http://capabilities.nat.bt.com/xsd/ManageNetworkAndServiceDiagnostics/2007/08/01/CCM/GetTestResultByTestIdResponse/CoreClasses/EnumeratedClasses/CharacteristicEnumerations">0</n25:stringValue>
								</n9:value>
							</n9:value>
						</n9:additionalInfo>
						<n9:additionalInfo>
							<n9:name>Current15MinBin_unavailableSeconds</n9:name>
							<n9:value>
								<n9:value>
									<n26:stringValue
										xmlns:n26="http://capabilities.nat.bt.com/xsd/ManageNetworkAndServiceDiagnostics/2007/08/01/CCM/GetTestResultByTestIdResponse/CoreClasses/EnumeratedClasses/CharacteristicEnumerations">0</n26:stringValue>
								</n9:value>
							</n9:value>
						</n9:additionalInfo>
						<n9:additionalInfo>
							<n9:name>Current15MinBin_egressCodingViolations</n9:name>
							<n9:value>
								<n9:value>
									<n27:stringValue
										xmlns:n27="http://capabilities.nat.bt.com/xsd/ManageNetworkAndServiceDiagnostics/2007/08/01/CCM/GetTestResultByTestIdResponse/CoreClasses/EnumeratedClasses/CharacteristicEnumerations">0</n27:stringValue>
								</n9:value>
							</n9:value>
						</n9:additionalInfo>
						<n9:additionalInfo>
							<n9:name>Current15MinBin_ingressCodingViolations</n9:name>
							<n9:value>
								<n9:value>
									<n28:stringValue
										xmlns:n28="http://capabilities.nat.bt.com/xsd/ManageNetworkAndServiceDiagnostics/2007/08/01/CCM/GetTestResultByTestIdResponse/CoreClasses/EnumeratedClasses/CharacteristicEnumerations">0</n28:stringValue>
								</n9:value>
							</n9:value>
						</n9:additionalInfo>
						<n9:additionalInfo>
							<n9:name>Last15MinBin_erroredSeconds</n9:name>
							<n9:value>
								<n9:value>
									<n29:stringValue
										xmlns:n29="http://capabilities.nat.bt.com/xsd/ManageNetworkAndServiceDiagnostics/2007/08/01/CCM/GetTestResultByTestIdResponse/CoreClasses/EnumeratedClasses/CharacteristicEnumerations">0</n29:stringValue>
								</n9:value>
							</n9:value>
						</n9:additionalInfo>
						<n9:additionalInfo>
							<n9:name>Last15MinBin_severelyErroredSeconds</n9:name>
							<n9:value>
								<n9:value>
									<n30:stringValue
										xmlns:n30="http://capabilities.nat.bt.com/xsd/ManageNetworkAndServiceDiagnostics/2007/08/01/CCM/GetTestResultByTestIdResponse/CoreClasses/EnumeratedClasses/CharacteristicEnumerations">0</n30:stringValue>
								</n9:value>
							</n9:value>
						</n9:additionalInfo>
						<n9:additionalInfo>
							<n9:name>Last15MinBin_unavailableSeconds</n9:name>
							<n9:value>
								<n9:value>
									<n31:stringValue
										xmlns:n31="http://capabilities.nat.bt.com/xsd/ManageNetworkAndServiceDiagnostics/2007/08/01/CCM/GetTestResultByTestIdResponse/CoreClasses/EnumeratedClasses/CharacteristicEnumerations">0</n31:stringValue>
								</n9:value>
							</n9:value>
						</n9:additionalInfo>
						<n9:additionalInfo>
							<n9:name>Last15MinBin_egressCodingViolations</n9:name>
							<n9:value>
								<n9:value>
									<n32:stringValue
										xmlns:n32="http://capabilities.nat.bt.com/xsd/ManageNetworkAndServiceDiagnostics/2007/08/01/CCM/GetTestResultByTestIdResponse/CoreClasses/EnumeratedClasses/CharacteristicEnumerations">0</n32:stringValue>
								</n9:value>
							</n9:value>
						</n9:additionalInfo>
						<n9:additionalInfo>
							<n9:name>Last15MinBin_ingressCodingViolations</n9:name>
							<n9:value>
								<n9:value>
									<n33:stringValue
										xmlns:n33="http://capabilities.nat.bt.com/xsd/ManageNetworkAndServiceDiagnostics/2007/08/01/CCM/GetTestResultByTestIdResponse/CoreClasses/EnumeratedClasses/CharacteristicEnumerations">0</n33:stringValue>
								</n9:value>
							</n9:value>
						</n9:additionalInfo>
						<n9:additionalInfo>
							<n9:name>Current15MinBin_StartTimeStamp</n9:name>
							<n9:value>
								<n9:value>
									<n34:stringValue
										xmlns:n34="http://capabilities.nat.bt.com/xsd/ManageNetworkAndServiceDiagnostics/2007/08/01/CCM/GetTestResultByTestIdResponse/CoreClasses/EnumeratedClasses/CharacteristicEnumerations">2009-04-02T11:15:19Z</n34:stringValue>
								</n9:value>
							</n9:value>
						</n9:additionalInfo>
						<n9:additionalInfo>
							<n9:name>Last15MinBin_StartTimeStamp</n9:name>
							<n9:value>
								<n9:value>
									<n35:stringValue
										xmlns:n35="http://capabilities.nat.bt.com/xsd/ManageNetworkAndServiceDiagnostics/2007/08/01/CCM/GetTestResultByTestIdResponse/CoreClasses/EnumeratedClasses/CharacteristicEnumerations">2009-04-02T11:00:19Z</n35:stringValue>
								</n9:value>
							</n9:value>
						</n9:additionalInfo>
						<n9:additionalInfo>
							<n9:name>Service_Level</n9:name>
							<n9:value>
								<n9:value>
									<n36:stringValue
										xmlns:n36="http://capabilities.nat.bt.com/xsd/ManageNetworkAndServiceDiagnostics/2007/08/01/CCM/GetTestResultByTestIdResponse/CoreClasses/EnumeratedClasses/CharacteristicEnumerations">Standard</n36:stringValue>
								</n9:value>
							</n9:value>
						</n9:additionalInfo>
						<n9:additionalInfo>
							<n9:name>additional_description</n9:name>
							<n9:value>
								<n9:value>
									<n37:stringValue
										xmlns:n37="http://capabilities.nat.bt.com/xsd/ManageNetworkAndServiceDiagnostics/2007/08/01/CCM/GetTestResultByTestIdResponse/CoreClasses/EnumeratedClasses/CharacteristicEnumerations">GEA service test completed and no fault found .
									</n37:stringValue>
								</n9:value>
							</n9:value>
						</n9:additionalInfo>
						<n9:additionalInfo>
							<n9:name>MMS_LoopStatus</n9:name>
							<n9:value>
								<n9:value>
									<n38:stringValue
										xmlns:n38="http://capabilities.nat.bt.com/xsd/ManageNetworkAndServiceDiagnostics/2007/08/01/CCM/GetTestResultByTestIdResponse/CoreClasses/EnumeratedClasses/CharacteristicEnumerations">1</n38:stringValue>
								</n9:value>
							</n9:value>
						</n9:additionalInfo>
						<n9:additionalInfo>
							<n9:name>Supplementary_Information</n9:name>
							<n9:value>
								<n9:value>
									<n39:stringValue
										xmlns:n39="http://capabilities.nat.bt.com/xsd/ManageNetworkAndServiceDiagnostics/2007/08/01/CCM/GetTestResultByTestIdResponse/CoreClasses/EnumeratedClasses/CharacteristicEnumerations">Loopbacks applied on VDSL 2 Modem/ IL2S, Please
										remove loopback and retest</n39:stringValue>
								</n9:value>
							</n9:value>
						</n9:additionalInfo>
						<n9:additionalInfo>
							<n9:name>Business Function</n9:name>
							<n9:value>
								<n9:value>
									<n40:stringValue
										xmlns:n40="http://capabilities.nat.bt.com/xsd/ManageNetworkAndServiceDiagnostics/2007/08/01/CCM/GetTestResultByTestIdResponse/CoreClasses/EnumeratedClasses/CharacteristicEnumerations">Test On Receipt Of Fault</n40:stringValue>
								</n9:value>
							</n9:value>
						</n9:additionalInfo>
						<n9:additionalInfo>
							<n9:name>Multicast</n9:name>
							<n9:value>
								<n9:value>
									<n41:stringValue
										xmlns:n41="http://capabilities.nat.bt.com/xsd/ManageNetworkAndServiceDiagnostics/2007/08/01/CCM/GetTestResultByTestIdResponse/CoreClasses/EnumeratedClasses/CharacteristicEnumerations">Enabled</n41:stringValue>
								</n9:value>
							</n9:value>
						</n9:additionalInfo>
						<n9:faultLocation>OK</n9:faultLocation>
					</n9:testInstanceResult>
				</n9:testInstanceResultList>
			</n1:testInstance>
		</n1:getTestResultByTestIdResponse>
	</env:Body>
</env:Envelope>